{
    "id": "nsnvK3y7FM3UYfu",
    "url": "https://www.wsj.com/articles/jobs-report-unemployment-benefit-claims-coronavirus-08-06-2020-11596675422?mod=hp_lead_pos1",
    "loadedUrl": "https://www.wsj.com/articles/jobs-report-unemployment-benefit-claims-coronavirus-08-06-2020-11596675422?mod=hp_lead_pos1",
    "uniqueKey": "https://www.wsj.com/articles/jobs-report-unemployment-benefit-claims-coronavirus-08-06-2020-11596675422?mod=hp_lead_pos1",
    "method": "GET",
    "noRetry": false,
    "retryCount": 0,
    "errorMessages": [],
    "headers": {},
    "userData": {},
    "handledAt": "2020-08-06T18:35:37.898Z"
}