{
    "id": "5KEnG9Vsq04iIvt",
    "url": "https://www.boston.com/news/coronavirus/2020/08/06/boston-cambridge-somerville-proposed-school-plans",
    "loadedUrl": "https://www.boston.com/news/coronavirus/2020/08/06/boston-cambridge-somerville-proposed-school-plans",
    "uniqueKey": "https://www.boston.com/news/coronavirus/2020/08/06/boston-cambridge-somerville-proposed-school-plans",
    "method": "GET",
    "noRetry": false,
    "retryCount": 0,
    "errorMessages": [],
    "headers": {},
    "userData": {},
    "handledAt": "2020-08-06T18:38:16.612Z"
}